{
  "total_cities_100k": 5075,
  "n_samples": 5075,
  "distance_threshold_km": 200,
  "statistics": {
    "mean": 18.715270935960593,
    "median": 11.0,
    "min": 0,
    "max": 105,
    "std_dev": 19.55934038650499
  },
  "distribution": {
    ">=0": 100.0,
    ">=5": 75.96059113300493,
    ">=10": 57.004926108374384,
    ">=20": 33.45812807881774,
    ">=50": 9.793103448275863,
    ">=100": 0.07881773399014778
  }
}